Address, Offset, Name, Disasm, Value
"0x4f8360", "0xf8360", "flt_4F8360", "dd 6.9999999e-1", "6.99999988079071044921875e-1"
"0x4f8364", "0xf8364", "flt_4F8364", "dd 2.5", "2.5"
"0x4f8368", "0xf8368", "flt_4F8368", "dd 1.0e-1", "1.00000001490116119384766e-1"
"0x4f836c", "0xf836c", "flt_4F836C", "dd 4.0", "4."
"0x4f8500", "0xf8500", "flt_4F8500", "dd 1.6e3", "1.6e3"
"0x4f8564", "0xf8564", "flt_4F8564", "dd 1.0e1", "1.e1"
"0x4f8568", "0xf8568", "flt_4F8568", "dd 2.5e-1", "2.5e-1"
"0x4f858c", "0xf858c", "flt_4F858C", "dd 4.4999999e-1", "4.49999988079071044921875e-1"
"0x4f8590", "0xf8590", "flt_4F8590", "dd 5.5000001e-1", "5.50000011920928955078125e-1"
"0x4f8594", "0xf8594", "flt_4F8594", "dd 1.0e-3", "1.0000000474974513053894e-3"
"0x4f8598", "0xf8598", "flt_4F8598", "dd 2.0e1", "2.e1"
"0x4f859c", "0xf859c", "flt_4F859C", "dd 5.0e1", "5.e1"
"0x4f85a0", "0xf85a0", "flt_4F85A0", "dd 2.25", "2.25"
"0x4f85a4", "0xf85a4", "flt_4F85A4", "dd 1.0e3", "1.e3"
"0x4f85a8", "0xf85a8", "flt_4F85A8", "dd 0.0", "0."
"0x4f85ac", "0xf85ac", "flt_4F85AC", "dd 6.2499999e-4", "6.24999986030161380767822e-4"
"0x4f85b0", "0xf85b0", "flt_4F85B0", "dd 1.0e-1", "1.00000001490116119384766e-1"
"0x4f85b4", "0xf85b4", "flt_4F85B4", "dd 4.0000001e-1", "4.00000005960464477539062e-1"
"0x4f85b8", "0xf85b8", "flt_4F85B8", "dd 1.2e1", "1.2e1"
"0x4f85bc", "0xf85bc", "flt_4F85BC", "dd 9.9999988e5", "9.99999875e5"
"0x4f85c0", "0xf85c0", "flt_4F85C0", "dd 1.0", "1."
"0x4f85c4", "0xf85c4", "flt_4F85C4", "dd 3.2e1", "3.2e1"
"0x4f85c8", "0xf85c8", "flt_4F85C8", "dd 1.8", "1.7999999523162841796875"
"0x4f85cc", "0xf85cc", "flt_4F85CC", "dd 2.72e2", "2.72e2"
"0x4f85d0", "0xf85d0", "flt_4F85D0", "dd 2.55e2", "2.55e2"
"0x4f85d4", "0xf85d4", "flt_4F85D4", "dd 6.0000002e-1", "6.0000002384185791015625e-1"
"0x4f85d8", "0xf85d8", "flt_4F85D8", "dd 1.3157895", "1.3157894611358642578125"
"0x4f85dc", "0xf85dc", "flt_4F85DC", "dd -1.0e-1", "-1.00000001490116119384766e-1"
"0x4f85e0", "0xf85e0", "flt_4F85E0", "dd 5.0e-1", "5.e-1"
"0x4f85e4", "0xf85e4", "flt_4F85E4", "dd 2.9411767", "2.9411766529083251953125"
"0x4f85e8", "0xf85e8", "flt_4F85E8", "dd 6.6000003e-1", "6.60000026226043701171875e-1"
"0x4f85ec", "0xf85ec", "flt_4F85EC", "dd 1.0e2", "1.e2"
"0x4f85f0", "0xf85f0", "flt_4F85F0", "dd 3.0", "3."
"0x4f85f4", "0xf85f4", "flt_4F85F4", "dd 4.0", "4."
"0x4f85f8", "0xf85f8", "flt_4F85F8", "dd 2.0e-1", "2.00000002980232238769531e-1"
"0x4f85fc", "0xf85fc", "flt_4F85FC", "dd 7.0", "7."
"0x4f8600", "0xf8600", "flt_4F8600", "dd 1.5e1", "1.5e1"
"0x4f8604", "0xf8604", "flt_4F8604", "dd 5.0", "5."
"0x4f8608", "0xf8608", "flt_4F8608", "dd 5.0000001e-2", "5.00000007450580596923828e-2"
"0x4f860c", "0xf860c", "flt_4F860C", "dd 4.4444446e-2", "4.44444455206394195556641e-2"
"0x4f8610", "0xf8610", "flt_4F8610", "dd -7.8e1", "-7.8e1"
"0x4f8614", "0xf8614", "flt_4F8614", "dd 6.0e2", "6.e2"
"0x4f8618", "0xf8618", "flt_4F8618", "dd -5.0e-1", "-5.e-1"
"0x4f861c", "0xf861c", "flt_4F861C", "dd 9.8999996", "9.8999996185302734375"
"0x4f8620", "0xf8620", "flt_4F8620", "dd 9.9e1", "9.9e1"
"0x4f8624", "0xf8624", "flt_4F8624", "dd 9.9999998e-3", "9.99999977648258209228516e-3"
"0x4f8628", "0xf8628", "flt_4F8628", "dd -1.0", "-1."
"0x4f862c", "0xf862c", "flt_4F862C", "dd 8.0", "8."
"0x4f8630", "0xf8630", "flt_4F8630", "dd 5.0e3", "5.e3"
"0x4f8920", "0xf8920", "flt_4F8920", "dd 1.5915494e-1", "1.59154936671257019042969e-1"
"0x4f8924", "0xf8924", "flt_4F8924", "dd -3.1415927", "-3.1415927410125732421875"
"0x4f8928", "0xf8928", "flt_4F8928", "dd 3.1415927", "3.1415927410125732421875"
"0x4f892c", "0xf892c", "flt_4F892C", "dd 6.2831855", "6.283185482025146484375"
"0x4f8930", "0xf8930", "flt_4F8930", "dd 3.0000001e-1", "3.00000011920928955078125e-1"
"0x4f8940", "0xf8940", "flt_4F8940", "dd 4.0142574", "4.0142574310302734375"
"0x4f8944", "0xf8944", "flt_4F8944", "dd 4.8869219", "4.88692188262939453125"
"0x4f8948", "0xf8948", "flt_4F8948", "dd 9.9999997e-5", "9.99999974737875163555145e-5"
"0x4f894c", "0xf894c", "flt_4F894C", "dd 1.7453292e-2", "1.74532923847436904907227e-2"
"0x4f8990", "0xf8990", "flt_4F8990", "dd 4.3633232e-1", "4.36332315206527709960938e-1"
"0x4f8994", "0xf8994", "flt_4F8994", "dd 2.4434609", "2.443460941314697265625"
"0x4f8998", "0xf8998", "flt_4F8998", "dd 4.3633231e-3", "4.36332309618592262268066e-3"
"0x4f899c", "0xf899c", "flt_4F899C", "dd 2.9999998e1", "2.99999980926513671875e1"
"0x4f89a0", "0xf89a0", "flt_4F89A0", "dd 6.9999999e-1", "6.99999988079071044921875e-1"
"0x4f89a4", "0xf89a4", "flt_4F89A4", "dd 3.3333335e-2", "3.33333350718021392822266e-2"
"0x4f89a8", "0xf89a8", "flt_4F89A8", "dd 1.0e-3", "1.0000000474974513053894e-3"
"0x4f89ac", "0xf89ac", "flt_4F89AC", "dd 9.4999999e-1", "9.49999988079071044921875e-1"
"0x4f89b0", "0xf89b0", "flt_4F89B0", "dd 1.1920929e-7", "1.1920928955078125e-7"
"0x4f89b4", "0xf89b4", "flt_4F89B4", "dd 1.0e4", "1.e4"
"0x4f89bc", "0xf89bc", "flt_4F89BC", "dd 1.0", "1."
"0x4f89c0", "0xf89c0", "flt_4F89C0", "dd 1.2954", "1.29540002346038818359375"
"0x4f89c4", "0xf89c4", "flt_4F89C4", "dd 6.4770001e-1", "6.47700011730194091796875e-1"
"0x4f89c8", "0xf89c8", "flt_4F89C8", "dd 6.2499996e1", "6.2499996185302734375e1"
"0x4f89cc", "0xf89cc", "flt_4F89CC", "dd 1.0e8", "1.e8"
"0x4f89d0", "0xf89d0", "flt_4F89D0", "dd 1.6000001e-2", "1.60000007599592208862305e-2"
"0x4f8a4c", "0xf8a4c", "flt_4F8A4C", "dd 3.0517578e-5", "3.0517578125e-5"
"0x4f8a50", "0xf8a50", "flt_4F8A50", "dd 3.2768e4", "3.2768e4"
"0x4f8b18", "0xf8b18", "flt_4F8B18", "dd 1.00001e-5", "1.00000997917959466576576e-5"
"0x4f8bc8", "0xf8bc8", "flt_4F8BC8", "dd 9.5249999e-1", "9.5249998569488525390625e-1"
"0x4f8bcc", "0xf8bcc", "flt_4F8BCC", "dd 1.905", "1.9049999713897705078125"
"0x4f8bd8", "0xf8bd8", "flt_4F8BD8", "dd 1.8e1", "1.8e1"
"0x4f8bdc", "0xf8bdc", "flt_4F8BDC", "dd 9.6000001e-2", "9.60000008344650268554688e-2"
"0x4f8bec", "0xf8bec", "flt_4F8BEC", "dd 9.0e3", "9.e3"
"0x4f8bf0", "0xf8bf0", "flt_4F8BF0", "dd 5.0000002e-4", "5.00000023748725652694702e-4"
"0x4f8bf4", "0xf8bf4", "flt_4F8BF4", "dd 4.0e4", "4.e4"
"0x4f8bf8", "0xf8bf8", "flt_4F8BF8", "dd 1.25", "1.25"
"0x4f8bfc", "0xf8bfc", "flt_4F8BFC", "dd 1.5", "1.5"
"0x4f8c18", "0xf8c18", "flt_4F8C18", "dd 9.3000001e-1", "9.30000007152557373046875e-1"
"0x4f8c1c", "0xf8c1c", "flt_4F8C1C", "dd 6.25e1", "6.25e1"
"0x4f8c20", "0xf8c20", "flt_4F8C20", "dd 1.715", "1.71500003337860107421875"
"0x4f8c24", "0xf8c24", "flt_4F8C24", "dd 9.1500002e-1", "9.15000021457672119140625e-1"
"0x4f8c28", "0xf8c28", "flt_4F8C28", "dd 6.1000001e-1", "6.1000001430511474609375e-1"
"0x4f8c2c", "0xf8c2c", "flt_4F8C2C", "dd 2.1432893e9", "2.143289344e9"
"0x4f8c34", "0xf8c34", "flt_4F8C34", "dd 0.0", "0."
"0x4f8c58", "0xf8c58", "flt_4F8C58", "dd 4.4444445e-1", "4.44444447755813598632812e-1"
"0x4f8c5c", "0xf8c5c", "flt_4F8C5C", "dd 1.4", "1.39999997615814208984375"
"0x4f8c60", "0xf8c60", "flt_4F8C60", "dd 6.25e-2", "6.25e-2"
"0x4f8c64", "0xf8c64", "flt_4F8C64", "dd 2.0e-2", "1.99999995529651641845703e-2"
"0x4f8c68", "0xf8c68", "flt_4F8C68", "dd 5.0000001e-2", "5.00000007450580596923828e-2"
"0x4f8c6c", "0xf8c6c", "flt_4F8C6C", "dd 6.0e1", "6.e1"
"0x4f8c70", "0xf8c70", "flt_4F8C70", "dd 8.0000001e-1", "8.00000011920928955078125e-1"
"0x4f8c74", "0xf8c74", "flt_4F8C74", "dd 7.625e1", "7.625e1"
"0x4f8c78", "0xf8c78", "flt_4F8C78", "dd 2.0e2", "2.e2"
"0x4f8c80", "0xf8c80", "flt_4F8C80", "dd 1.8e1", "1.8e1"
"0x4f8c84", "0xf8c84", "flt_4F8C84", "dd 1.5e1", "1.5e1"
"0x4f8c88", "0xf8c88", "flt_4F8C88", "dd 3.75e3", "3.75e3"
"0x4f8c8c", "0xf8c8c", "flt_4F8C8C", "dd 1.25e2", "1.25e2"
"0x4f8c90", "0xf8c90", "flt_4F8C90", "dd 8.3379997e1", "8.337999725341796875e1"
"0x4f8c94", "0xf8c94", "flt_4F8C94", "dd 1.3333334", "1.33333337306976318359375"
"0x4f8c98", "0xf8c98", "flt_4F8C98", "dd 2.9719999", "2.9719998836517333984375"
"0x4f8c9c", "0xf8c9c", "flt_4F8C9C", "dd 7.5e-1", "7.5e-1"
"0x4f8ca0", "0xf8ca0", "flt_4F8CA0", "dd 1.0213953e-3", "1.02139532100409269332886e-3"
"0x4f8ca4", "0xf8ca4", "flt_4F8CA4", "dd 2.5e1", "2.5e1"
"0x4f8ca8", "0xf8ca8", "flt_4F8CA8", "dd 9.8100004", "9.81000041961669921875"
"0x4f8cac", "0xf8cac", "flt_4F8CAC", "dd 1.9620001e1", "1.96200008392333984375e1"
"0x4f8cb0", "0xf8cb0", "flt_4F8CB0", "dd 1.6823688e-1", "1.68236881494522094726562e-1"
"0x4f8cb4", "0xf8cb4", "flt_4F8CB4", "dd -2.9719999", "-2.9719998836517333984375"
"0x4f8cc0", "0xf8cc0", "flt_4F8CC0", "dd 4.4444447", "4.4444446563720703125"
"0x4f8cc4", "0xf8cc4", "flt_4F8CC4", "dd 8.3059998", "8.305999755859375"
"0x4f8cc8", "0xf8cc8", "flt_4F8CC8", "dd 9.8000002e-1", "9.80000019073486328125e-1"
"0x4f8ccc", "0xf8ccc", "flt_4F8CCC", "dd 2.2222222e-1", "2.22222223877906799316406e-1"
"0x4f8cd0", "0xf8cd0", "flt_4F8CD0", "dd 6.6666665", "6.666666507720947265625"
"0x4f8cd4", "0xf8cd4", "flt_4F8CD4", "dd 2.6670001", "2.6670000553131103515625"
"0x4f8cd8", "0xf8cd8", "flt_4F8CD8", "dd 2.0e-1", "2.00000002980232238769531e-1"
"0x4f8cdc", "0xf8cdc", "flt_4F8CDC", "dd -5.8860006", "-5.88600063323974609375"
"0x4f8ce0", "0xf8ce0", "flt_4F8CE0", "dd 1.22", "1.2200000286102294921875"
"0x4f8ce4", "0xf8ce4", "flt_4F8CE4", "dd -1.9620001", "-1.9620001316070556640625"
"0x4f8ce8", "0xf8ce8", "flt_4F8CE8", "dd 5.3340001", "5.334000110626220703125"
"0x4f8cec", "0xf8cec", "flt_4F8CEC", "dd 8.3059998", "8.305999755859375"
"0x4f8cf0", "0xf8cf0", "flt_4F8CF0", "dd 5.3333333e-3", "5.33333327621221542358398e-3"
"0x4f8cf4", "0xf8cf4", "flt_4F8CF4", "dd 3.125e1", "3.125e1"
"0x4f8cf8", "0xf8cf8", "flt_4F8CF8", "dd 2.4000001", "2.400000095367431640625"
"0x4f8cfc", "0xf8cfc", "flt_4F8CFC", "dd 6.0000002e-1", "6.0000002384185791015625e-1"
"0x4f8d00", "0xf8d00", "flt_4F8D00", "dd 8.888889e-1", "8.88888895511627197265625e-1"
"0x4f8d04", "0xf8d04", "flt_4F8D04", "dd -5.3340001", "-5.334000110626220703125"
"0x4f8d08", "0xf8d08", "flt_4F8D08", "dd 3.3333333", "3.3333332538604736328125"
"0x4f8d0c", "0xf8d0c", "flt_4F8D0C", "dd 1.9999991e5", "1.9999990625e5"
"0x4f8d10", "0xf8d10", "flt_4F8D10", "dd 3.125", "3.125"
"0x4f8d14", "0xf8d14", "flt_4F8D14", "dd 2.2222223", "2.22222232818603515625"
"0x4f8d18", "0xf8d18", "flt_4F8D18", "dd 2.0", "2."
"0x4f8d1c", "0xf8d1c", "flt_4F8D1C", "dd 1.5250001", "1.525000095367431640625"
"0x4f8d20", "0xf8d20", "flt_4F8D20", "dd -1.4999999e-1", "-1.49999991059303283691406e-1"
"0x4f8d24", "0xf8d24", "flt_4F8D24", "dd 8.8888893", "8.888889312744140625"
"0x4f8d28", "0xf8d28", "flt_4F8D28", "dd -3.9240002e1", "-3.9240001678466796875e1"
"0x4f8d2c", "0xf8d2c", "flt_4F8D2C", "dd 3.9240002e1", "3.9240001678466796875e1"
"0x4f8d30", "0xf8d30", "flt_4F8D30", "dd 8.0009995", "8.00099945068359375"
"0x4f8d34", "0xf8d34", "flt_4F8D34", "dd 2.1336e1", "2.13360004425048828125e1"
"0x4f8d38", "0xf8d38", "flt_4F8D38", "dd 6.0000002e-1", "6.0000002384185791015625e-1"
"0x4f8d3c", "0xf8d3c", "flt_4F8D3C", "dd 8.0e1", "8.e1"
"0x4f8d40", "0xf8d40", "flt_4F8D40", "dd 4.0e1", "4.e1"
"0x4f8d44", "0xf8d44", "flt_4F8D44", "dd -4.0e1", "-4.e1"
"0x4f8d6c", "0xf8d6c", "flt_4F8D6C", "dd 1.0668e1", "1.066800022125244140625e1"
"0x4f8d70", "0xf8d70", "flt_4F8D70", "dd 1.83", "1.83000004291534423828125"
"0x4f8d74", "0xf8d74", "flt_4F8D74", "dd 2.8575001", "2.8575000762939453125"
"0x4f8d9c", "0xf8d9c", "flt_4F8D9C", "dd 5.0289998", "5.028999805450439453125"
"0x4f8da0", "0xf8da0", "flt_4F8DA0", "dd 3.0500002", "3.05000019073486328125"
"0x4f8da4", "0xf8da4", "flt_4F8DA4", "dd 1.6666667e-1", "1.66666671633720397949219e-1"
"0x4f8dcc", "0xf8dcc", "flt_4F8DCC", "dd 1.143", "1.14300000667572021484375"
"0x4f8de0", "0xf8de0", "flt_4F8DE0", "dd 1.1920929e-6", "1.1920928955078125e-6"
"0x4f8de4", "0xf8de4", "flt_4F8DE4", "dd 1.1772001e1", "1.17720012664794921875e1"
"0x4f8df0", "0xf8df0", "flt_4F8DF0", "dd 1.0", "1."
"0x4f8df4", "0xf8df4", "flt_4F8DF4", "dd 3.0", "3."
"0x4f8f28", "0xf8f28", "flt_4F8F28", "dd -2.0", "-2."
"0x4f8f2c", "0xf8f2c", "flt_4F8F2C", "dd 4.5000002e-2", "4.50000017881393432617188e-2"
"0x4f8f30", "0xf8f30", "flt_4F8F30", "dd 1.3333333e1", "1.333333301544189453125e1"
"0x4f8f34", "0xf8f34", "flt_4F8F34", "dd 1.3e1", "1.3e1"
"0x4f8f38", "0xf8f38", "flt_4F8F38", "dd 4.4999999e-1", "4.49999988079071044921875e-1"
"0x4f8f3c", "0xf8f3c", "flt_4F8F3C", "dd -2.2222223", "-2.22222232818603515625"
"0x4f8f40", "0xf8f40", "flt_4F8F40", "dd -1.0e1", "-1.e1"
"0x4f8f44", "0xf8f44", "flt_4F8F44", "dd 7.6923078e-1", "7.69230782985687255859375e-1"
"0x4f8f48", "0xf8f48", "flt_4F8F48", "dd 8.9999998e-1", "8.9999997615814208984375e-1"
"0x4f8f8c", "0xf8f8c", "flt_4F8F8C", "dd 6.4e1", "6.4e1"
"0x4f8f90", "0xf8f90", "flt_4F8F90", "dd -6.4e1", "-6.4e1"
"0x4f8f94", "0xf8f94", "flt_4F8F94", "dd 1.6e1", "1.6e1"
"0x4f9044", "0xf9044", "flt_4F9044", "dd 1.2345679e8", "1.23456792e8"
"0x4f9048", "0xf9048", "flt_4F9048", "dd -3.0e2", "-3.e2"
"0x4f904c", "0xf904c", "flt_4F904C", "dd 3.0e2", "3.e2"
"0x4f9050", "0xf9050", "flt_4F9050", "dd -4.0", "-4."
"0x4f9054", "0xf9054", "flt_4F9054", "dd 4.0", "4."
"0x4f9058", "0xf9058", "flt_4F9058", "dd 1.5259022e-5", "1.52590218931436538696289e-5"
"0x4f905c", "0xf905c", "flt_4F905C", "dd 6.5535e4", "6.5535e4"
"0x4f9060", "0xf9060", "flt_4F9060", "dd 8.0000004e-3", "8.00000037997961044311523e-3"
"0x4f9064", "0xf9064", "flt_4F9064", "dd 5.729578e1", "5.7295780181884765625e1"
"0x4f9068", "0xf9068", "flt_4F9068", "dd 4.0e2", "4.e2"
"0x4f906c", "0xf906c", "flt_4F906C", "dd -2.4999999e-2", "-2.49999985098838806152344e-2"
"0x4f9078", "0xf9078", "flt_4F9078", "dd 7.8539819e-1", "7.85398185253143310546875e-1"
"0x4f907c", "0xf907c", "flt_4F907C", "dd 1.5239999", "1.5239999294281005859375"
"0x4f9080", "0xf9080", "flt_4F9080", "dd 9.7000003e-1", "9.700000286102294921875e-1"
"0x4f9084", "0xf9084", "flt_4F9084", "dd 9.1500006", "9.15000057220458984375"
"0x4f9088", "0xf9088", "flt_4F9088", "dd 4.3000002", "4.30000019073486328125"
"0x4f908c", "0xf908c", "flt_4F908C", "dd -1.4399999e-1", "-1.43999993801116943359375e-1"
"0x4f9090", "0xf9090", "flt_4F9090", "dd 1.6", "1.60000002384185791015625"
"0x4f9094", "0xf9094", "flt_4F9094", "dd 1.9", "1.89999997615814208984375"
"0x4f9098", "0xf9098", "flt_4F9098", "dd 3.7", "3.7000000476837158203125"
"0x4f909c", "0xf909c", "flt_4F909C", "dd -5.5", "-5.5"
"0x4f90a0", "0xf90a0", "flt_4F90A0", "dd 1.8e1", "1.8e1"
"0x4f90a4", "0xf90a4", "flt_4F90A4", "dd -1.8e1", "-1.8e1"
"0x4f90a8", "0xf90a8", "flt_4F90A8", "dd 1.01e1", "1.01000003814697265625e1"
"0x4f90ac", "0xf90ac", "flt_4F90AC", "dd 1.00041e2", "1.000410003662109375e2"
"0x4f90b0", "0xf90b0", "flt_4F90B0", "dd 5.05e1", "5.05e1"
"0x4f90b4", "0xf90b4", "flt_4F90B4", "dd 9.995902e-3", "9.99590195715427398681641e-3"
"0x4f90b8", "0xf90b8", "flt_4F90B8", "dd 9.9999997e-5", "9.99999974737875163555145e-5"
"0x4f90bc", "0xf90bc", "flt_4F90BC", "dd 2.6179938", "2.617993831634521484375"
"0x4f90c0", "0xf90c0", "flt_4F90C0", "dd 3.05e1", "3.05e1"
"0x4f90d0", "0xf90d0", "flt_4F90D0", "dd 1.83e2", "1.83e2"
"0x4f90d4", "0xf90d4", "flt_4F90D4", "dd 3.0500001e-1", "3.05000007152557373046875e-1"
"0x4f90d8", "0xf90d8", "flt_4F90D8", "dd 1.0", "1."
"0x4f90dc", "0xf90dc", "flt_4F90DC", "dd 5.0000001e-2", "5.00000007450580596923828e-2"
"0x4f90e0", "0xf90e0", "flt_4F90E0", "dd 6.4051003", "6.405100345611572265625"
"0x4f90e4", "0xf90e4", "flt_4F90E4", "dd 5.9960419e-1", "5.99604189395904541015625e-1"
"0x4f90e8", "0xf90e8", "flt_4F90E8", "dd 1.5e4", "1.5e4"
"0x4f90ec", "0xf90ec", "flt_4F90EC", "dd 5.0", "5."
"0x4f90f0", "0xf90f0", "flt_4F90F0", "dd 7.4166663e2", "7.416666259765625e2"
"0x4f90f4", "0xf90f4", "flt_4F90F4", "dd -2.0e3", "-2.e3"
"0x4f90f8", "0xf90f8", "flt_4F90F8", "dd 1.2e4", "1.2e4"
"0x4f9160", "0xf9160", "flt_4F9160", "dd 9.9000001e-1", "9.900000095367431640625e-1"
"0x4f9164", "0xf9164", "flt_4F9164", "dd 2.4999999e-3", "2.49999994412064552307129e-3"
"0x4f9168", "0xf9168", "flt_4F9168", "dd 1.0000001e-2", "1.00000007078051567077637e-2"
"0x4f916c", "0xf916c", "flt_4F916C", "dd 2.6966294e-3", "2.69662938080728054046631e-3"
"0x4f9170", "0xf9170", "flt_4F9170", "dd 3.6000001e-1", "3.6000001430511474609375e-1"
"0x4f9174", "0xf9174", "flt_4F9174", "dd 4.8000002e-1", "4.80000019073486328125e-1"
"0x4f9178", "0xf9178", "flt_4F9178", "dd 1.3", "1.2999999523162841796875"
"0x4f917c", "0xf917c", "flt_4F917C", "dd 2.5000001e-5", "2.50000011874362826347351e-5"
"0x4f9180", "0xf9180", "flt_4F9180", "dd 6.0e3", "6.e3"
"0x4f9184", "0xf9184", "flt_4F9184", "dd -5.0000002e-4", "-5.00000023748725652694702e-4"
"0x4f9188", "0xf9188", "flt_4F9188", "dd 1.8000002e2", "1.800000152587890625e2"
"0x4f918c", "0xf918c", "flt_4F918C", "dd 8.3333332e-5", "8.33333324408158659934998e-5"
"0x4f9190", "0xf9190", "flt_4F9190", "dd 1.2e3", "1.2e3"
"0x4f9194", "0xf9194", "flt_4F9194", "dd 1.6666667e-3", "1.6666667070239782333374e-3"
"0x4f9198", "0xf9198", "flt_4F9198", "dd 6.0000005", "6.000000476837158203125"
"0x4f919c", "0xf919c", "flt_4F919C", "dd 5.0000002e-5", "5.00000023748725652694702e-5"
"0x4f91a0", "0xf91a0", "flt_4F91A0", "dd 6.0e2", "6.e2"
"0x4f91a4", "0xf91a4", "flt_4F91A4", "dd 7.1499999e-6", "7.14999987394548952579498e-6"
"0x4f91a8", "0xf91a8", "flt_4F91A8", "dd 3.3333334e-5", "3.33333337039221078157425e-5"
"0x4f91ac", "0xf91ac", "flt_4F91AC", "dd -2.0e-1", "-2.00000002980232238769531e-1"
"0x4f91b0", "0xf91b0", "flt_4F91B0", "dd -6.0e3", "-6.e3"
"0x4f91b4", "0xf91b4", "flt_4F91B4", "dd 1.599e1", "1.59899997711181640625e1"
"0x4f91b8", "0xf91b8", "flt_4F91B8", "dd 2.9999999e-2", "2.99999993294477462768555e-2"
"0x4f91bc", "0xf91bc", "flt_4F91BC", "dd 7.4999998e-6", "7.49999981053406372666359e-6"
"0x4f91c0", "0xf91c0", "flt_4F91C0", "dd 6.666667e3", "6.6666669921875e3"
"0x4f91c4", "0xf91c4", "flt_4F91C4", "dd 1.08e-4", "1.08000000182073563337326e-4"
"0x4f91c8", "0xf91c8", "flt_4F91C8", "dd 2.2500001e-6", "2.25000007958442438393831e-6"
"0x4f91cc", "0xf91cc", "flt_4F91CC", "dd 1.6000001e-1", "1.60000011324882507324219e-1"
"0x4f91d0", "0xf91d0", "flt_4F91D0", "dd 1.638e-5", "1.63799995789304375648499e-5"
"0x4f91d4", "0xf91d4", "flt_4F91D4", "dd 4.9999999e-5", "4.99999987368937581777573e-5"
"0x4f91d8", "0xf91d8", "flt_4F91D8", "dd 3.9215689e-3", "3.92156885936856269836426e-3"
"0x4f91dc", "0xf91dc", "flt_4F91DC", "dd 6.0960001e-1", "6.09600007534027099609375e-1"
"0x4f91e0", "0xf91e0", "flt_4F91E0", "dd 2.5400001e-1", "2.54000008106231689453125e-1"
"0x4f91e4", "0xf91e4", "flt_4F91E4", "dd 9.3979996e-1", "9.39799964427947998046875e-1"
"0x4f91e8", "0xf91e8", "flt_4F91E8", "dd 3.0e3", "3.e3"
"0x4f91ec", "0xf91ec", "flt_4F91EC", "dd -1.0e3", "-1.e3"
"0x4f91f0", "0xf91f0", "flt_4F91F0", "dd -5.0e3", "-5.e3"
"0x4f91f4", "0xf91f4", "flt_4F91F4", "dd -5.0", "-5."
"0x4f91f8", "0xf91f8", "flt_4F91F8", "dd 9.0000004e-2", "9.00000035762786865234375e-2"
"0x4f91fc", "0xf91fc", "flt_4F91FC", "dd 3.3333333", "3.3333332538604736328125"
"0x4f9200", "0xf9200", "flt_4F9200", "dd 1.575e-1", "1.57499998807907104492188e-1"
"0x4f9204", "0xf9204", "flt_4F9204", "dd 4.2999187e-1", "4.29991871118545532226562e-1"
"0x4f9208", "0xf9208", "flt_4F9208", "dd 9.06699e-1", "9.06699001789093017578125e-1"
"0x4f920c", "0xf920c", "flt_4F920C", "dd 2.225e4", "2.225e4"
"0x4f9210", "0xf9210", "flt_4F9210", "dd -1.7100321e1", "-1.71003208160400390625e1"
"0x4f9214", "0xf9214", "flt_4F9214", "dd 2.2222221e1", "2.222222137451171875e1"
"0x4f9218", "0xf9218", "flt_4F9218", "dd 7.0e1", "7.e1"
"0x4f921c", "0xf921c", "flt_4F921C", "dd 1.4285714e-2", "1.4285714365541934967041e-2"
"0x4f9220", "0xf9220", "flt_4F9220", "dd -1.6e4", "-1.6e4"
"0x4f9224", "0xf9224", "flt_4F9224", "dd 1.6e4", "1.6e4"
"0x4f9228", "0xf9228", "flt_4F9228", "dd 3.5e4", "3.5e4"
"0x4f922c", "0xf922c", "flt_4F922C", "dd 1.2e3", "1.2e3"
"0x4f9230", "0xf9230", "flt_4F9230", "dd 2.0000001e-3", "2.00000009499490261077881e-3"
"0x4f9234", "0xf9234", "flt_4F9234", "dd 5.0000012e-2", "5.0000011920928955078125e-2"
"0x4f9238", "0xf9238", "flt_4F9238", "dd 1.9999999e-1", "1.99999988079071044921875e-1"
"0x4f923c", "0xf923c", "flt_4F923C", "dd 1.1", "1.10000002384185791015625"
"0x4f9240", "0xf9240", "flt_4F9240", "dd 9.0000004e-2", "9.00000035762786865234375e-2"
"0x4f9244", "0xf9244", "flt_4F9244", "dd 1.5552939e3", "1.5552939453125e3"
"0x4f9250", "0xf9250", "flt_4F9250", "dd 1.0193679e-1", "1.01936794817447662353516e-1"
"0x4f9254", "0xf9254", "flt_4F9254", "dd 2.816016", "2.8160159587860107421875"
"0x4f9258", "0xf9258", "flt_4F9258", "dd 2.3936136", "2.3936135768890380859375"
"0x4f925c", "0xf925c", "flt_4F925C", "dd 4.0e3", "4.e3"
"0x4f9260", "0xf9260", "flt_4F9260", "dd 8.9999998e-1", "8.9999997615814208984375e-1"
"0x4f9264", "0xf9264", "flt_4F9264", "dd 5.7600003e-1", "5.76000034809112548828125e-1"
"0x4f9268", "0xf9268", "flt_4F9268", "dd 1.4400001e-2", "1.44000006839632987976074e-2"
"0x4f9278", "0xf9278", "flt_4F9278", "dd 4.8000002e-3", "4.80000022798776626586914e-3"
"0x4f927c", "0xf927c", "flt_4F927C", "dd 9.4e-1", "9.39999997615814208984375e-1"
"0x4f9280", "0xf9280", "flt_4F9280", "dd 1.0e5", "1.e5"
"0x4f9284", "0xf9284", "flt_4F9284", "dd 1.3349999e4", "1.33499990234375e4"
"0x4f9288", "0xf9288", "flt_4F9288", "dd -4.45e3", "-4.45e3"
"0x4f928c", "0xf928c", "flt_4F928C", "dd 4.45e3", "4.45e3"
"0x4f9290", "0xf9290", "flt_4F9290", "dd 7.12e2", "7.12e2"
"0x4f9294", "0xf9294", "flt_4F9294", "dd 5.5", "5.5"
"0x4f9298", "0xf9298", "flt_4F9298", "dd 4.0000001e-1", "4.00000005960464477539062e-1"
"0x4f929c", "0xf929c", "flt_4F929C", "dd -3.7500005e-2", "-3.75000052154064178466797e-2"
"0x4f92a0", "0xf92a0", "flt_4F92A0", "dd 4.4444443e1", "4.44444427490234375e1"
"0x4f92a4", "0xf92a4", "flt_4F92A4", "dd 2.225e4", "2.225e4"
"0x4f92a8", "0xf92a8", "flt_4F92A8", "dd 1.5000001e-1", "1.50000005960464477539062e-1"
"0x4f92ac", "0xf92ac", "flt_4F92AC", "dd 1.0471976e-1", "1.0471975803375244140625e-1"
"0x4f92b0", "0xf92b0", "flt_4F92B0", "dd -6.1086524e-1", "-6.1086523532867431640625e-1"
"0x4f92b4", "0xf92b4", "flt_4F92B4", "dd 6.1086524e-1", "6.1086523532867431640625e-1"
"0x4f92b8", "0xf92b8", "flt_4F92B8", "dd 1.05", "1.0499999523162841796875"
"0x4f92bc", "0xf92bc", "flt_4F92BC", "dd 1.75e1", "1.75e1"
"0x4f92c0", "0xf92c0", "flt_4F92C0", "dd 7.0700002e-1", "7.070000171661376953125e-1"
"0x4f92c4", "0xf92c4", "flt_4F92C4", "dd 2.5", "2.5"
"0x4f92c8", "0xf92c8", "flt_4F92C8", "dd -6.0e2", "-6.e2"
"0x4f92cc", "0xf92cc", "flt_4F92CC", "dd -4.4145002", "-4.41450023651123046875"
"0x4f92d0", "0xf92d0", "flt_4F92D0", "dd 1.2", "1.2000000476837158203125"
"0x4f92d4", "0xf92d4", "flt_4F92D4", "dd 2.4000001", "2.400000095367431640625"
"0x4f92d8", "0xf92d8", "flt_4F92D8", "dd 4.1666666e-1", "4.16666656732559204101562e-1"
"0x4f92dc", "0xf92dc", "flt_4F92DC", "dd -1.2", "-1.2000000476837158203125"
"0x4f92e0", "0xf92e0", "flt_4F92E0", "dd 2.2918312e1", "2.291831207275390625e1"
"0x4f92e4", "0xf92e4", "flt_4F92E4", "dd -2.2222221e1", "-2.222222137451171875e1"
"0x4f92e8", "0xf92e8", "flt_4F92E8", "dd 2.2528127e-2", "2.25281268358230590820312e-2"
"0x4f92ec", "0xf92ec", "flt_4F92EC", "dd 6.7584381e-2", "6.75843805074691772460938e-2"
"0x4f92f0", "0xf92f0", "flt_4F92F0", "dd 4.0550625e-1", "4.0550625324249267578125e-1"
"0x4f92f4", "0xf92f4", "flt_4F92F4", "dd 3.3000001e-1", "3.30000013113021850585938e-1"
"0x4f92f8", "0xf92f8", "flt_4F92F8", "dd 1.0193679e-2", "1.01936794817447662353516e-2"
"0x4f92fc", "0xf92fc", "flt_4F92FC", "dd 5.2359879e-1", "5.2359879016876220703125e-1"
"0x4f9300", "0xf9300", "flt_4F9300", "dd 6.981317e-2", "6.98131695389747619628906e-2"
"0x4f9304", "0xf9304", "flt_4F9304", "dd 2.617994e-1", "2.61799395084381103515625e-1"
"0x4f9308", "0xf9308", "flt_4F9308", "dd 4.8999998e-1", "4.89999979734420776367188e-1"
"0x4f930c", "0xf930c", "flt_4F930C", "dd 2.247191e-4", "2.24719100515358150005341e-4"
"0x4f9310", "0xf9310", "flt_4F9310", "dd 1.2800001e-1", "1.28000006079673767089844e-1"
"0x4f9314", "0xf9314", "flt_4F9314", "dd 5.1200002e-1", "5.12000024318695068359375e-1"
"0x4f9318", "0xf9318", "flt_4F9318", "dd 3.7500001e-2", "3.75000014901161193847656e-2"
"0x4f931c", "0xf931c", "flt_4F931C", "dd 1.4814815e-2", "1.48148145526647567749023e-2"
"0x4f9320", "0xf9320", "flt_4F9320", "dd 2.8124999e-4", "2.81249987892806529998779e-4"
"0x4f9324", "0xf9324", "flt_4F9324", "dd 1.8", "1.7999999523162841796875"
"0x4f9328", "0xf9328", "flt_4F9328", "dd 2.5e-2", "2.50000003725290298461914e-2"
"0x4f932c", "0xf932c", "flt_4F932C", "dd 5.6249998e-4", "5.62499975785613059997559e-4"
"0x4f9330", "0xf9330", "flt_4F9330", "dd 9.5492964", "9.54929637908935546875"
"0x4f9334", "0xf9334", "flt_4F9334", "dd 3.7500001e-2", "3.75000014901161193847656e-2"
"0x4f9338", "0xf9338", "flt_4F9338", "dd -2.3999999e-1", "-2.39999994635581970214844e-1"
"0x4f933c", "0xf933c", "flt_4F933C", "dd 2.3999999e-1", "2.39999994635581970214844e-1"
"0x4f9340", "0xf9340", "flt_4F9340", "dd 8.5000002e-1", "8.5000002384185791015625e-1"
"0x4f9344", "0xf9344", "flt_4F9344", "dd -8.0000001e-1", "-8.00000011920928955078125e-1"
"0x4f9348", "0xf9348", "flt_4F9348", "dd 4.0322498e1", "4.0322498321533203125e1"
"0x4f934c", "0xf934c", "flt_4F934C", "dd 8.6956519e-1", "8.69565188884735107421875e-1"
"0x4f9350", "0xf9350", "flt_4F9350", "dd 6.0", "6."
"0x4f9354", "0xf9354", "flt_4F9354", "dd 6.1999998", "6.19999980926513671875"
"0x4f9358", "0xf9358", "flt_4F9358", "dd 2.5977777e2", "2.5977777099609375e2"
"0x4f935c", "0xf935c", "flt_4F935C", "dd 1.45", "1.4500000476837158203125"
"0x4f9360", "0xf9360", "flt_4F9360", "dd 1.74e-2", "1.74000002443790435791016e-2"
"0x4f9364", "0xf9364", "flt_4F9364", "dd 3.79", "3.78999996185302734375"
"0x4f9368", "0xf9368", "flt_4F9368", "dd 2.54e-2", "2.53999996930360794067383e-2"
"0x4f936c", "0xf936c", "flt_4F936C", "dd 1.7519684e2", "1.7519683837890625e2"
"0x4f9370", "0xf9370", "flt_4F9370", "dd 1.35725", "1.3572499752044677734375"
"0x4f9374", "0xf9374", "flt_4F9374", "dd 1.4112303e-6", "1.41123030061862664297223e-6"
"0x4f9378", "0xf9378", "flt_4F9378", "dd 3.2249999e-1", "3.224999904632568359375e-1"
"0x4f937c", "0xf937c", "flt_4F937C", "dd 4.4499998", "4.44999980926513671875"
"0x4f9380", "0xf9380", "flt_4F9380", "dd 6.4499998e-1", "6.44999980926513671875e-1"
"0x4f9384", "0xf9384", "flt_4F9384", "dd 9.3025006e-2", "9.30250063538551330566406e-2"
"0x4f9388", "0xf9388", "flt_4F9388", "dd 3.6000001e-1", "3.6000001430511474609375e-1"
"0x4f938c", "0xf938c", "flt_4F938C", "dd 4.5000002e-1", "4.50000017881393432617188e-1"
"0x4f9390", "0xf9390", "flt_4F9390", "dd 3.5e3", "3.5e3"
"0x4f9394", "0xf9394", "flt_4F9394", "dd 9.5999998e-1", "9.59999978542327880859375e-1"
"0x4f9398", "0xf9398", "flt_4F9398", "dd 2.9430003", "2.943000316619873046875"
"0x4f939c", "0xf939c", "flt_4F939C", "dd 5.2359879e-2", "5.2359879016876220703125e-2"
"0x4f93a0", "0xf93a0", "flt_4F93A0", "dd 4.548e1", "4.5479999542236328125e1"
"0x4f93a4", "0xf93a4", "flt_4F93A4", "dd 1.137e1", "1.136999988555908203125e1"
"0x4f93a8", "0xf93a8", "flt_4F93A8", "dd 2.5e2", "2.5e2"
"0x4f93ac", "0xf93ac", "flt_4F93AC", "dd 8.1000004", "8.1000003814697265625"
"0x4f93b0", "0xf93b0", "flt_4F93B0", "dd 9.3000002", "9.30000019073486328125"
"0x4f93b4", "0xf93b4", "flt_4F93B4", "dd 1.27e1", "1.269999980926513671875e1"
"0x4f93b8", "0xf93b8", "flt_4F93B8", "dd 8.5", "8.5"
"0x4f93bc", "0xf93bc", "flt_4F93BC", "dd 2.6279527e4", "2.627952734375e4"
"0x4f93c0", "0xf93c0", "flt_4F93C0", "dd 5.2559055e4", "5.25590546875e4"
"0x4f93c4", "0xf93c4", "flt_4F93C4", "dd 1.9026218e-5", "1.90262180694844573736191e-5"
"0x4f93c8", "0xf93c8", "flt_4F93C8", "dd 4.9050002", "4.905000209808349609375"
"0x4f93cc", "0xf93cc", "flt_4F93CC", "dd 1.27e-1", "1.27000004053115844726562e-1"
"0x4f9574", "0xf9574", "flt_4F9574", "dd 3.2000002e-2", "3.20000015199184417724609e-2"
"0x4f95cc", "0xf95cc", "flt_4F95CC", "dd 6.2096369e-4", "6.20963692199438810348511e-4"
"0x4f95d0", "0xf95d0", "flt_4F95D0", "dd 2.6385224e-1", "2.6385223865509033203125e-1"
"0x4f95d4", "0xf95d4", "flt_4F95D4", "dd 3.9370079e1", "3.937007904052734375e1"
"0x4f95d8", "0xf95d8", "flt_4F95D8", "dd 2.2471911e-1", "2.24719107151031494140625e-1"
"0x4f95dc", "0xf95dc", "flt_4F95DC", "dd -2.0e1", "-2.e1"
"0x4f9644", "0xf9644", "flt_4F9644", "dd 9.9999898e4", "9.99998984375e4"
"0x4f9648", "0xf9648", "flt_4F9648", "dd 4.0e6", "4.e6"
"0x4f96b0", "0xf96b0", "flt_4F96B0", "dd 8.0e3", "8.e3"
"0x4f96c8", "0xf96c8", "flt_4F96C8", "dd 2.25e6", "2.25e6"
"0x4f96cc", "0xf96cc", "flt_4F96CC", "dd 7.0e3", "7.e3"
"0x4f96d0", "0xf96d0", "flt_4F96D0", "dd 8.1e7", "8.1e7"
"0x4f96d4", "0xf96d4", "flt_4F96D4", "dd 1.76e-1", "1.7599999904632568359375e-1"
"0x4f9778", "0xf9778", "flt_4F9778", "dd 3.3333001e-1", "3.33330005407333374023438e-1"
"0x4f977c", "0xf977c", "flt_4F977C", "dd 1.2e-1", "1.19999997317790985107422e-1"
"0x4f9780", "0xf9780", "flt_4F9780", "dd -1.5625e1", "-1.5625e1"
"0x4f9784", "0xf9784", "flt_4F9784", "dd 1.5625e1", "1.5625e1"
"0x4f9788", "0xf9788", "flt_4F9788", "dd 3.3333332e1", "3.3333332061767578125e1"
"0x4f978c", "0xf978c", "flt_4F978C", "dd 2.8575001", "2.8575000762939453125"
"0x4f9790", "0xf9790", "flt_4F9790", "dd 3.8099999", "3.809999942779541015625"
"0x4f9794", "0xf9794", "flt_4F9794", "dd 1.7777778", "1.77777779102325439453125"
"0x4f9798", "0xf9798", "flt_4F9798", "dd 2.6666666e1", "2.66666660308837890625e1"
"0x4f979c", "0xf979c", "flt_4F979C", "dd 8.0000001e-1", "8.00000011920928955078125e-1"
"0x4f97a0", "0xf97a0", "flt_4F97A0", "dd 8.3333336e-2", "8.33333358168601989746094e-2"
"0x4f97a4", "0xf97a4", "flt_4F97A4", "dd 9.0", "9."
"0x4f97a8", "0xf97a8", "flt_4F97A8", "dd 9.95e-1", "9.9500000476837158203125e-1"
"0x4f97b8", "0xf97b8", "flt_4F97B8", "dd 9.9199998e-1", "9.9199998378753662109375e-1"
"0x4f97bc", "0xf97bc", "flt_4F97BC", "dd 3.1111111e1", "3.1111110687255859375e1"
"0x4f97c0", "0xf97c0", "flt_4F97C0", "dd 1.7777779e-3", "1.77777791395783424377441e-3"
"0x4f97c4", "0xf97c4", "flt_4F97C4", "dd 1.525e1", "1.525e1"
"0x4f97c8", "0xf97c8", "flt_4F97C8", "dd 3.3333334e-1", "3.33333343267440795898438e-1"
"0x4f97cc", "0xf97cc", "flt_4F97CC", "dd 1.2193e1", "1.219299983978271484375e1"
"0x4f97d0", "0xf97d0", "flt_4F97D0", "dd 6.4516e-2", "6.45160004496574401855469e-2"
"0x4f97d4", "0xf97d4", "flt_4F97D4", "dd -2.4390242", "-2.4390242099761962890625"
"0x4f97d8", "0xf97d8", "flt_4F97D8", "dd -6.5573764e-1", "-6.557376384735107421875e-1"
"0x4f97dc", "0xf97dc", "flt_4F97DC", "dd 1.7777779e1", "1.777777862548828125e1"
"0x4f97e0", "0xf97e0", "flt_4F97E0", "dd 7.1128888e2", "7.1128887939453125e2"
"0x4f97e4", "0xf97e4", "flt_4F97E4", "dd -8.4947325e-2", "-8.49473252892494201660156e-2"
"0x4f97e8", "0xf97e8", "flt_4F97E8", "dd 1.0193679", "1.0193679332733154296875"
"0x4f97ec", "0xf97ec", "flt_4F97EC", "dd -4.4444445e-1", "-4.44444447755813598632812e-1"
"0x4f97f0", "0xf97f0", "flt_4F97F0", "dd -2.225e4", "-2.225e4"
"0x4f97f4", "0xf97f4", "flt_4F97F4", "dd -4.45e4", "-4.45e4"
"0x4f97f8", "0xf97f8", "flt_4F97F8", "dd 4.572", "4.572000026702880859375"
"0x4f97fc", "0xf97fc", "flt_4F97FC", "dd 2.21", "2.21000003814697265625"
"0x4f9800", "0xf9800", "flt_4F9800", "dd 3.0e-3", "3.0000000260770320892334e-3"
"0x4f9804", "0xf9804", "flt_4F9804", "dd -1.524e-1", "-1.52400001883506774902344e-1"
"0x4f9808", "0xf9808", "flt_4F9808", "dd 1.524e-1", "1.52400001883506774902344e-1"
"0x4f980c", "0xf980c", "flt_4F980C", "dd 1.014159", "1.0141589641571044921875"
"0x4f9810", "0xf9810", "flt_4F9810", "dd 9.6790123", "9.679012298583984375"
"0x4f9814", "0xf9814", "flt_4F9814", "dd 9.86e-1", "9.86000001430511474609375e-1"
"0x4f9818", "0xf9818", "flt_4F9818", "dd -3.0303031e-1", "-3.03030312061309814453125e-1"
"0x4f981c", "0xf981c", "flt_4F981C", "dd 3.9624002", "3.9624001979827880859375"
"0x4f9820", "0xf9820", "flt_4F9820", "dd 2.286", "2.2860000133514404296875"
"0x4f9824", "0xf9824", "flt_4F9824", "dd 1.6001999e1", "1.60019989013671875e1"
"0x4f9828", "0xf9828", "flt_4F9828", "dd 7.9999998e-2", "7.99999982118606567382812e-2"
"0x4f982c", "0xf982c", "flt_4F982C", "dd 3.3750001e-1", "3.37500005960464477539062e-1"
"0x4f9830", "0xf9830", "flt_4F9830", "dd 7.6199999", "7.61999988555908203125"
"0x4f9834", "0xf9834", "flt_4F9834", "dd 1.7145", "1.714499950408935546875"
"0x4f9838", "0xf9838", "flt_4F9838", "dd 4.2672", "4.267199993133544921875"
"0x4f983c", "0xf983c", "flt_4F983C", "dd 4.3815002", "4.381500244140625"
"0x4f9840", "0xf9840", "flt_4F9840", "dd -1.6000001e-2", "-1.60000007599592208862305e-2"
"0x4f9844", "0xf9844", "flt_4F9844", "dd 2.032e-1", "2.03199997544288635253906e-1"
"0x4f9920", "0xf9920", "flt_4F9920", "dd 1.952e-2", "1.95199996232986450195312e-2"
"0x4f9924", "0xf9924", "flt_4F9924", "dd 7.0e-2", "7.00000002980232238769531e-2"
"0x4f9928", "0xf9928", "flt_4F9928", "dd 9.3000001e-1", "9.30000007152557373046875e-1"
"0x4f992c", "0xf992c", "flt_4F992C", "dd 5.5555556e-2", "5.55555559694766998291016e-2"
"0x4f9988", "0xf9988", "flt_4F9988", "dd 1.2692307", "1.26923072338104248046875"
"0x4f998c", "0xf998c", "flt_4F998C", "dd 1.7307693e-2", "1.73076931387186050415039e-2"
"0x4f9990", "0xf9990", "flt_4F9990", "dd 1.5555555e1", "1.55555553436279296875e1"
"0x4f9994", "0xf9994", "flt_4F9994", "dd 1.0e3", "1.e3"
"0x4f9998", "0xf9998", "flt_4F9998", "dd 2.0e-1", "2.00000002980232238769531e-1"
"0x4f999c", "0xf999c", "flt_4F999C", "dd 1.0e-3", "1.0000000474974513053894e-3"
"0x4f99a0", "0xf99a0", "flt_4F99A0", "dd 5.9999999e-2", "5.99999986588954925537109e-2"
"0x4f99a4", "0xf99a4", "flt_4F99A4", "dd 8.0000001e-1", "8.00000011920928955078125e-1"
"0x4f9a00", "0xf9a00", "flt_4F9A00", "dd 5.0e2", "5.e2"
"0x4f9a04", "0xf9a04", "flt_4F9A04", "dd 1.6755161", "1.6755161285400390625"
"0x4f9a08", "0xf9a08", "flt_4F9A08", "dd -2.4e3", "-2.4e3"
"0x4f9a0c", "0xf9a0c", "flt_4F9A0C", "dd -7.5e1", "-7.5e1"
"0x4f9a68", "0xf9a68", "flt_4F9A68", "dd -3.0e1", "-3.e1"
"0x4f9a6c", "0xf9a6c", "flt_4F9A6C", "dd -3.0", "-3."
"0x4f9b78", "0xf9b78", "flt_4F9B78", "dd 1.0e-7", "1.00000001168609742308035e-7"
"0x4f9b7c", "0xf9b7c", "flt_4F9B7C", "dd 2.8", "2.7999999523162841796875"
"0x4f9b80", "0xf9b80", "flt_4F9B80", "dd 6.4999998e-1", "6.4999997615814208984375e-1"
"0x4f9b84", "0xf9b84", "flt_4F9B84", "dd 6.5539999", "6.55399990081787109375"
"0x4f9b88", "0xf9b88", "flt_4F9B88", "dd 5.6389999", "5.63899993896484375"
"0x4f9bc8", "0xf9bc8", "flt_4F9BC8", "dd 2.376e1", "2.37600002288818359375e1"
"0x4f9bcc", "0xf9bcc", "flt_4F9BCC", "dd 1.333e1", "1.33299999237060546875e1"
"0x4f9bd0", "0xf9bd0", "flt_4F9BD0", "dd 6.2600002", "6.2600002288818359375"
"0x4f9bd4", "0xf9bd4", "flt_4F9BD4", "dd 9.0e2", "9.e2"
"0x4f9bd8", "0xf9bd8", "flt_4F9BD8", "dd 4.18e3", "4.18e3"
"0x4f9bdc", "0xf9bdc", "flt_4F9BDC", "dd 8.0400002e1", "8.040000152587890625e1"
"0x4f9be0", "0xf9be0", "flt_4F9BE0", "dd 2.37e2", "2.37e2"
"0x4f9be4", "0xf9be4", "flt_4F9BE4", "dd 1.0", "1."
"0x4f9be8", "0xf9be8", "flt_4F9BE8", "dd 6.9999999e-1", "6.99999988079071044921875e-1"
"0x4f9bf8", "0xf9bf8", "flt_4F9BF8", "dd 1.3515152", "1.35151517391204833984375"
"0x4f9bfc", "0xf9bfc", "flt_4F9BFC", "dd 1.4999998e-1", "1.4999997615814208984375e-1"
"0x4f9c0c", "0xf9c0c", "flt_4F9C0C", "dd 3.9999999e-2", "3.99999991059303283691406e-2"
"0x4f9c1c", "0xf9c1c", "flt_4F9C1C", "dd 4.2279866e-2", "4.22798655927181243896484e-2"
"0x4f9c20", "0xf9c20", "flt_4F9C20", "dd 4.0000001e-1", "4.00000005960464477539062e-1"
"0x4f9c24", "0xf9c24", "flt_4F9C24", "dd 1.225e1", "1.225e1"
"0x4f9c28", "0xf9c28", "flt_4F9C28", "dd 2.3", "2.2999999523162841796875"
"0x4f9c2c", "0xf9c2c", "flt_4F9C2C", "dd 1.1764706e-4", "1.17647061415482312440872e-4"
"0x4f9c30", "0xf9c30", "flt_4F9C30", "dd -4.0e2", "-4.e2"
"0x4f9c34", "0xf9c34", "flt_4F9C34", "dd 1.2500001e-4", "1.25000005937181413173676e-4"
"0x4f9c38", "0xf9c38", "flt_4F9C38", "dd 5.252e3", "5.252e3"
"0x4f9c50", "0xf9c50", "flt_4F9C50", "dd 5.5555558e-1", "5.555555820465087890625e-1"
"0x4f9c54", "0xf9c54", "flt_4F9C54", "dd 3.0000002e1", "3.00000019073486328125e1"
"0x4f9c58", "0xf9c58", "flt_4F9C58", "dd 1.28e1", "1.280000019073486328125e1"
"0x4f9c5c", "0xf9c5c", "flt_4F9C5C", "dd 2.4999999e-2", "2.49999985098838806152344e-2"
"0x4f9c60", "0xf9c60", "flt_4F9C60", "dd 9.9800003e-1", "9.9800002574920654296875e-1"
"0x4f9c64", "0xf9c64", "flt_4F9C64", "dd 5.8e2", "5.8e2"
"0x4f9c68", "0xf9c68", "flt_4F9C68", "dd 6.78625e-3", "6.78625004366040229797363e-3"
"0x4f9c6c", "0xf9c6c", "flt_4F9C6C", "dd -8.9999998e-1", "-8.9999997615814208984375e-1"
"0x4f9c70", "0xf9c70", "flt_4F9C70", "dd 2.1987686e-1", "2.19876855611801147460938e-1"
"0x4f9c74", "0xf9c74", "flt_4F9C74", "dd 9.1000004", "9.1000003814697265625"
"0x4f9c78", "0xf9c78", "flt_4F9C78", "dd 3.1000004", "3.1000003814697265625"
"0x4f9c7c", "0xf9c7c", "flt_4F9C7C", "dd 1.25e-6", "1.24999996842234395444393e-6"
"0x4f9c80", "0xf9c80", "flt_4F9C80", "dd 3.7644446e2", "3.764444580078125e2"
"0x4f9c84", "0xf9c84", "flt_4F9C84", "dd 2.8755554e2", "2.875555419921875e2"
"0x4f9c88", "0xf9c88", "flt_4F9C88", "dd 3.6e4", "3.6e4"
"0x4f9c8c", "0xf9c8c", "flt_4F9C8C", "dd 9.4749999e-1", "9.474999904632568359375e-1"
"0x4f9c90", "0xf9c90", "flt_4F9C90", "dd 9.8425198", "9.8425197601318359375"
"0x4f9c94", "0xf9c94", "flt_4F9C94", "dd -1.1538461", "-1.15384614467620849609375"
"0x4f9c98", "0xf9c98", "flt_4F9C98", "dd 1.3333334e-1", "1.33333340287208557128906e-1"
"0x4f9c9c", "0xf9c9c", "flt_4F9C9C", "dd 1.25e-7", "1.24999999684405338484794e-7"
"0x4f9d04", "0xf9d04", "flt_4F9D04", "dd 5.0799997e-4", "5.07999968249350786209106e-4"
"0x4f9d08", "0xf9d08", "flt_4F9D08", "dd 4.8768001", "4.876800060272216796875"
"0x4f9d1c", "0xf9d1c", "flt_4F9D1C", "dd -9.8100004", "-9.81000041961669921875"
"0x4f9d20", "0xf9d20", "flt_4F9D20", "dd 1.7519684e2", "1.7519683837890625e2"
"0x4f9d24", "0xf9d24", "flt_4F9D24", "dd 5.7078656e-3", "5.70786558091640472412109e-3"
"0x4f9d28", "0xf9d28", "flt_4F9D28", "dd 1.016e-1", "1.01599998772144317626953e-1"
"0x4f9d2c", "0xf9d2c", "flt_4F9D2C", "dd 1.1900001", "1.190000057220458984375"
"0x4f9d30", "0xf9d30", "flt_4F9D30", "dd 5.2434469e-5", "5.24344686709810048341751e-5"
"0x4f9d34", "0xf9d34", "flt_4F9D34", "dd 4.0049998e3", "4.004999755859375e3"
"0x4f9d44", "0xf9d44", "flt_4F9D44", "dd -4.5149997e-1", "-4.51499968767166137695312e-1"
"0x4f9d48", "0xf9d48", "flt_4F9D48", "dd 6.0000001e-3", "6.0000000521540641784668e-3"
"0x4f9d4c", "0xf9d4c", "flt_4F9D4C", "dd 1.3131225e-1", "1.3131225109100341796875e-1"
"0x4f9d50", "0xf9d50", "flt_4F9D50", "dd 3.8197186", "3.8197185993194580078125"
"0x4f9d54", "0xf9d54", "flt_4F9D54", "dd 7.3303826e-2", "7.33038261532783508300781e-2"
"0x4f9d58", "0xf9d58", "flt_4F9D58", "dd 1.0", "1."
"0x4f9d5c", "0xf9d5c", "flt_4F9D5C", "dd 9.0e2", "9.e2"
"0x4f9d60", "0xf9d60", "flt_4F9D60", "dd 8.0400002e1", "8.040000152587890625e1"
"0x4f9d64", "0xf9d64", "flt_4F9D64", "dd 0.0", "0."
"0x4f9d68", "0xf9d68", "flt_4F9D68", "dd 1.0e1", "1.e1"
"0x4f9d6c", "0xf9d6c", "flt_4F9D6C", "dd -1.0e2", "-1.e2"
"0x4f9d70", "0xf9d70", "flt_4F9D70", "dd 1.0e2", "1.e2"
"0x4f9d74", "0xf9d74", "flt_4F9D74", "dd 2.0", "2."
"0x4f9d78", "0xf9d78", "flt_4F9D78", "dd 4.0e1", "4.e1"
"0x4f9d7c", "0xf9d7c", "flt_4F9D7C", "dd -5.0e2", "-5.e2"
"0x4f9d80", "0xf9d80", "flt_4F9D80", "dd 1.6666667", "1.6666667461395263671875"
"0x4f9d90", "0xf9d90", "flt_4F9D90", "dd 5.0567905e3", "5.05679052734375e3"
"0x4f9d94", "0xf9d94", "flt_4F9D94", "dd 7.1111108e2", "7.11111083984375e2"
"0x4f9d98", "0xf9d98", "flt_4F9D98", "dd -1.1865233e-5", "-1.18652333185309544205666e-5"
"0x4f9d9c", "0xf9d9c", "flt_4F9D9C", "dd 7.1111115e1", "7.1111114501953125e1"
"0x4f9da0", "0xf9da0", "flt_4F9DA0", "dd 9.0900002", "9.090000152587890625"
"0x4f9da4", "0xf9da4", "flt_4F9DA4", "dd 4.2279862e-2", "4.22798618674278259277344e-2"
"0x4f9da8", "0xf9da8", "flt_4F9DA8", "dd 9.9999994e2", "9.9999993896484375e2"
"0x4f9dac", "0xf9dac", "flt_4F9DAC", "dd 1.0e2", "1.e2"
"0x4f9db0", "0xf9db0", "flt_4F9DB0", "dd 7.8740158e1", "7.87401580810546875e1"
"0x4f9db4", "0xf9db4", "flt_4F9DB4", "dd 1.1125", "1.1124999523162841796875"
"0x4f9db8", "0xf9db8", "flt_4F9DB8", "dd 2.2249999", "2.224999904632568359375"
"0x4f9dbc", "0xf9dbc", "flt_4F9DBC", "dd -2.247191e-4", "-2.24719100515358150005341e-4"
"0x4f9dc0", "0xf9dc0", "flt_4F9DC0", "dd -3.9370079e1", "-3.937007904052734375e1"
"0x4f9dc4", "0xf9dc4", "flt_4F9DC4", "dd 4.0425356e-3", "4.04253555461764335632324e-3"
"0x4f9dc8", "0xf9dc8", "flt_4F9DC8", "dd 1.27e-2", "1.26999998465180397033691e-2"
"0x4f9dcc", "0xf9dcc", "flt_4F9DCC", "dd -3.4906584e-4", "-3.49065841874107718467712e-4"
"0x4f9dd0", "0xf9dd0", "flt_4F9DD0", "dd -1.7453292e-3", "-1.74532923847436904907227e-3"
"0x4f9dd4", "0xf9dd4", "flt_4F9DD4", "dd 1.0e-1", "1.00000001490116119384766e-1"
"0x4f9dd8", "0xf9dd8", "flt_4F9DD8", "dd 3.4999999e-1", "3.49999994039535522460938e-1"
"0x4f9ddc", "0xf9ddc", "flt_4F9DDC", "dd 1.7307691e-2", "1.73076912760734558105469e-2"
"0x4f9de0", "0xf9de0", "flt_4F9DE0", "dd -7.3678397e-2", "-7.36783966422080993652344e-2"
"0x4f9de4", "0xf9de4", "flt_4F9DE4", "dd 2.0387358e-4", "2.03873583814129233360291e-4"
"0x4f9de8", "0xf9de8", "flt_4F9DE8", "dd 1.2699999e-4", "1.26999992062337696552277e-4"
"0x4f9dec", "0xf9dec", "flt_4F9DEC", "dd 4.9999952e-3", "4.99999523162841796875e-3"
"0x4f9df0", "0xf9df0", "flt_4F9DF0", "dd 6.0000002e-1", "6.0000002384185791015625e-1"
"0x4f9df4", "0xf9df4", "flt_4F9DF4", "dd 4.4999998e-2", "4.49999980628490447998047e-2"
"0x4f9df8", "0xf9df8", "flt_4F9DF8", "dd 4.0000003e-5", "4.00000026274938136339188e-5"
"0x4f9dfc", "0xf9dfc", "flt_4F9DFC", "dd 3.5e1", "3.5e1"
"0x4f9e00", "0xf9e00", "flt_4F9E00", "dd 4.9999999e-3", "4.99999988824129104614258e-3"
"0x4f9e04", "0xf9e04", "flt_4F9E04", "dd -3.0000001e-1", "-3.00000011920928955078125e-1"
"0x4f9e08", "0xf9e08", "flt_4F9E08", "dd 7.4999998e-3", "7.49999983236193656921387e-3"
"0x4f9e0c", "0xf9e0c", "flt_4F9E0C", "dd 1.1235955e-3", "1.12359551712870597839355e-3"
"0x4f9e10", "0xf9e10", "flt_4F9E10", "dd 1.6", "1.60000002384185791015625"
"0x4f9e14", "0xf9e14", "flt_4F9E14", "dd 3.6000002e-2", "3.60000021755695343017578e-2"
"0x4f9e18", "0xf9e18", "flt_4F9E18", "dd 1.78e4", "1.78e4"
"0x4f9e1c", "0xf9e1c", "flt_4F9E1C", "dd 2.8924998e4", "2.8924998046875e4"
"0x4f9e20", "0xf9e20", "flt_4F9E20", "dd 2.2499999e-3", "2.24999990314245223999023e-3"
"0x4f9e24", "0xf9e24", "flt_4F9E24", "dd 1.3107201e2", "1.310720062255859375e2"
"0x4f9e28", "0xf9e28", "flt_4F9E28", "dd 6.3500002e-2", "6.35000020265579223632812e-2"
"0x4f9e2c", "0xf9e2c", "flt_4F9E2C", "dd 2.8125003e-1", "2.81250029802322387695312e-1"
"0x4f9e30", "0xf9e30", "flt_4F9E30", "dd 3.1111112", "3.111111164093017578125"
"0x4f9e34", "0xf9e34", "flt_4F9E34", "dd 3.508772e-1", "3.50877195596694946289062e-1"
"0x4f9e38", "0xf9e38", "flt_4F9E38", "dd 1.1111111e-1", "1.11111111938953399658203e-1"
"0x4f9e3c", "0xf9e3c", "flt_4F9E3C", "dd 4.4499997e2", "4.44999969482421875e2"
"0x4f9e40", "0xf9e40", "flt_4F9E40", "dd 1.3333334", "1.33333337306976318359375"
"0x4f9e44", "0xf9e44", "flt_4F9E44", "dd 1.1111112", "1.111111164093017578125"
"0x4f9e48", "0xf9e48", "flt_4F9E48", "dd -6.2831855", "-6.283185482025146484375"
"0x4f9e4c", "0xf9e4c", "flt_4F9E4C", "dd 1.2e-2", "1.20000001043081283569336e-2"
"0x4f9e50", "0xf9e50", "flt_4F9E50", "dd 2.2471912e-4", "2.24719115067273378372192e-4"
"0x4f9e54", "0xf9e54", "flt_4F9E54", "dd 4.363323e-2", "4.36332300305366516113281e-2"
"0x4f9e58", "0xf9e58", "flt_4F9E58", "dd 6.1999999e-2", "6.19999989867210388183594e-2"
"0x4f9e5c", "0xf9e5c", "flt_4F9E5C", "dd 4.0e-6", "3.9999999899009708315134e-6"
"0x4f9e60", "0xf9e60", "flt_4F9E60", "dd 2.5e3", "2.5e3"
"0x4f9e64", "0xf9e64", "flt_4F9E64", "dd 4.0e-7", "4.00000004674438969232142e-7"
"0x4f9e68", "0xf9e68", "flt_4F9E68", "dd 6.8400002", "6.840000152587890625"
"0x4f9e6c", "0xf9e6c", "flt_4F9E6C", "dd 4.1533334e2", "4.15333343505859375e2"
"0x4f9e70", "0xf9e70", "flt_4F9E70", "dd 3.2644446e2", "3.264444580078125e2"
"0x4f9e74", "0xf9e74", "flt_4F9E74", "dd 5.9999999e-2", "5.99999986588954925537109e-2"
"0x4f9e78", "0xf9e78", "flt_4F9E78", "dd 1.65", "1.64999997615814208984375"
"0x4f9e7c", "0xf9e7c", "flt_4F9E7C", "dd 2.8000002e-8", "2.80000023167303879745305e-8"
"0x4f9e80", "0xf9e80", "flt_4F9E80", "dd 1.6666668e-2", "1.66666675359010696411133e-2"
"0x4f9e84", "0xf9e84", "flt_4F9E84", "dd 3.8755554e2", "3.875555419921875e2"
"0x4f9e88", "0xf9e88", "flt_4F9E88", "dd 3.9220882e-5", "3.92208821722306311130524e-5"
"0x4f9e8c", "0xf9e8c", "flt_4F9E8C", "dd 1.7453292e-1", "1.74532920122146606445312e-1"
"0x4f9e90", "0xf9e90", "flt_4F9E90", "dd 1.9610441e-5", "1.96104410861153155565262e-5"
"0x4f9e94", "0xf9e94", "flt_4F9E94", "dd 8.726646e-2", "8.72664600610733032226562e-2"
"0x4f9e98", "0xf9e98", "flt_4F9E98", "dd 1.2566371e1", "1.256637096405029296875e1"
"0x4f9e9c", "0xf9e9c", "flt_4F9E9C", "dd 7.9577468e-2", "7.95774683356285095214844e-2"
"0x4f9ee4", "0xf9ee4", "flt_4F9EE4", "dd 1.3572499e1", "1.357249927520751953125e1"
"0x4f9ee8", "0xf9ee8", "flt_4F9EE8", "dd 9.9967998e-1", "9.99679982662200927734375e-1"
"0x4f9eec", "0xf9eec", "flt_4F9EEC", "dd 9.9996799e-1", "9.99967992305755615234375e-1"
"0x4f9ef0", "0xf9ef0", "flt_4F9EF0", "dd 1.0416667e1", "1.041666698455810546875e1"
"0x4f9f38", "0xf9f38", "flt_4F9F38", "dd 4.5449999e-1", "4.54499989748001098632812e-1"
"0x4f9f3c", "0xf9f3c", "flt_4F9F3C", "dd 3.0e2", "3.e2"
"0x4f9f40", "0xf9f40", "flt_4F9F40", "dd 9.0e4", "9.e4"
"0x4f9fbc", "0xf9fbc", "flt_4F9FBC", "dd 2.5574712e2", "2.557471160888671875e2"
"0x4f9fc0", "0xf9fc0", "flt_4F9FC0", "dd 6.6666669e-1", "6.66666686534881591796875e-1"
"0x4fa068", "0xfa068", "flt_4FA068", "dd 4.9050003e2", "4.90500030517578125e2"
"0x4fa06c", "0xfa06c", "flt_4FA06C", "dd 9.9984002e-1", "9.998400211334228515625e-1"
"0x4fa070", "0xfa070", "flt_4FA070", "dd -5.0e2", "-5.e2"
"0x4fa074", "0xfa074", "flt_4FA074", "dd -2.225e7", "-2.225e7"
"0x4fa0bc", "0xfa0bc", "flt_4FA0BC", "dd -8.7200001e-2", "-8.72000008821487426757812e-2"
"0x4fa104", "0xfa104", "flt_4FA104", "dd 2.0000001e-3", "2.00000009499490261077881e-3"
"0x4fa158", "0xfa158", "flt_4FA158", "dd 2.2528125e-3", "2.25281249731779098510742e-3"
"0x4fa15c", "0xfa15c", "flt_4FA15C", "dd 7.5000004e-5", "7.50000035623088479042053e-5"
"0x4fa160", "0xfa160", "flt_4FA160", "dd 1.0e3", "1.e3"
"0x4fa1cc", "0xfa1cc", "flt_4FA1CC", "dd 6.666667e-2", "6.66666701436042785644531e-2"
"0x4fa1d0", "0xfa1d0", "flt_4FA1D0", "dd 9.6236107e1", "9.623610687255859375e1"
"0x4fa1d4", "0xfa1d4", "flt_4FA1D4", "dd 2.5e3", "2.5e3"
"0x4fa1d8", "0xfa1d8", "flt_4FA1D8", "dd 4.5511109e-4", "4.55111090559512376785278e-4"
"0x4fa1dc", "0xfa1dc", "flt_4FA1DC", "dd 1.8204444e-3", "1.82044436223804950714111e-3"
"0x4fa1e0", "0xfa1e0", "flt_4FA1E0", "dd 7.5e-1", "7.5e-1"
"0x4fa1e4", "0xfa1e4", "flt_4FA1E4", "dd -1.125e-1", "-1.12500004470348358154297e-1"
"0x4fa22c", "0xfa22c", "flt_4FA22C", "dd -2.0e3", "-2.e3"
"0x4fa230", "0xfa230", "flt_4FA230", "dd 3.5", "3.5"
"0x4fa270", "0xfa270", "flt_4FA270", "dd -8.66e-1", "-8.65999996662139892578125e-1"
"0x4fa274", "0xfa274", "flt_4FA274", "dd 8.66e-1", "8.65999996662139892578125e-1"
"0x4fa278", "0xfa278", "flt_4FA278", "dd 1.4143", "1.41429996490478515625"
"0x4fa27c", "0xfa27c", "flt_4FA27C", "dd 3.75e-1", "3.75e-1"
"0x4fa280", "0xfa280", "flt_4FA280", "dd 6.5536e4", "6.5536e4"
"0x4fa28c", "0xfa28c", "flt_4FA28C", "dd -1.0e5", "-1.e5"
"0x4fa290", "0xfa290", "flt_4FA290", "dd -1.0e4", "-1.e4"
"0x4fa294", "0xfa294", "flt_4FA294", "dd 9.5367432e-7", "9.5367431640625e-7"
"0x4fa8e8", "0xfa8e8", "flt_4FA8E8", "dd 2.5430679e-6", "2.54306792157876770943403e-6"
"0x4fa8ec", "0xfa8ec", "flt_4FA8EC", "dd 1.9073486e-6", "1.9073486328125e-6"
"0x4fa8f4", "0xfa8f4", "flt_4FA8F4", "dd 2.55e2", "2.55e2"
"0x4fa900", "0xfa900", "flt_4FA900", "dd 4.1666667e-6", "4.16666671299026347696781e-6"
"0x4fa904", "0xfa904", "flt_4FA904", "dd 2.84e1", "2.83999996185302734375e1"
"0x4fa914", "0xfa914", "flt_4FA914", "dd 1.0e-6", "9.99999997475242707878351e-7"
"0x4fa918", "0xfa918", "flt_4FA918", "dd 2.0e5", "2.e5"
"0x4fa91c", "0xfa91c", "flt_4FA91C", "dd 1.05", "1.0499999523162841796875"
"0x4faa28", "0xfaa28", "flt_4FAA28", "dd 1.0700001", "1.07000005245208740234375"
"0x4faad0", "0xfaad0", "flt_4FAAD0", "dd 3.2786884", "3.2786884307861328125"
"0x4faae0", "0xfaae0", "flt_4FAAE0", "dd 3.3333334e-1", "3.33333343267440795898438e-1"
"0x4faae4", "0xfaae4", "flt_4FAAE4", "dd -5.2359877e-3", "-5.2359877154231071472168e-3"
"0x4faae8", "0xfaae8", "flt_4FAAE8", "dd 0.0", "0."
"0x4faafc", "0xfaafc", "flt_4FAAFC", "dd 2.159e-1", "2.15900003910064697265625e-1"
"0x4fab40", "0xfab40", "flt_4FAB40", "dd 4.9999999e-3", "4.99999988824129104614258e-3"
"0x4fab44", "0xfab44", "flt_4FAB44", "dd 8.72e2", "8.72e2"
"0x4fab48", "0xfab48", "flt_4FAB48", "dd 3.0e1", "3.e1"
"0x4fab4c", "0xfab4c", "flt_4FAB4C", "dd 1.5707964", "1.57079637050628662109375"
"0x4fab50", "0xfab50", "flt_4FAB50", "dd -1.5", "-1.5"
"0x4fab54", "0xfab54", "flt_4FAB54", "dd 3.4906584e-4", "3.49065841874107718467712e-4"
"0x4fac0c", "0xfac0c", "flt_4FAC0C", "dd -1.6", "-1.60000002384185791015625"
"0x4fac14", "0xfac14", "flt_4FAC14", "dd 9.0e1", "9.e1"
"0x4fac18", "0xfac18", "flt_4FAC18", "dd 1.4e2", "1.4e2"
"0x4fac20", "0xfac20", "flt_4FAC20", "dd 2.0e1", "2.e1"
"0x4fac24", "0xfac24", "flt_4FAC24", "dd 1.55e2", "1.55e2"
"0x4fac28", "0xfac28", "flt_4FAC28", "dd 7.8125e-3", "7.8125e-3"
"0x4fac2c", "0xfac2c", "flt_4FAC2C", "dd 1.5625e-2", "1.5625e-2"
"0x4fac30", "0xfac30", "flt_4FAC30", "dd 3.125e-2", "3.125e-2"
"0x4fac34", "0xfac34", "flt_4FAC34", "dd 1.7e3", "1.7e3"
"0x4fac40", "0xfac40", "flt_4FAC40", "dd 2.6500001", "2.650000095367431640625"
"0x4fac44", "0xfac44", "flt_4FAC44", "dd 9.5492965e-1", "9.54929649829864501953125e-1"
"0x4fac50", "0xfac50", "flt_4FAC50", "dd 1.32e2", "1.32e2"
"0x4fac54", "0xfac54", "flt_4FAC54", "dd 6.2831855", "6.283185482025146484375"
"0x4fac80", "0xfac80", "flt_4FAC80", "dd -8.0", "-8."
"0x4fad5c", "0xfad5c", "flt_4FAD5C", "dd 3.1415927", "3.1415927410125732421875"
"0x4fadd8", "0xfadd8", "flt_4FADD8", "dd 1.0e-3", "1.0000000474974513053894e-3"
"0x4faddc", "0xfaddc", "flt_4FADDC", "dd 1.0001", "1.00010001659393310546875"
"0x4fade0", "0xfade0", "flt_4FADE0", "dd -9.9999997e-5", "-9.99999974737875163555145e-5"
"0x4fae1c", "0xfae1c", "flt_4FAE1C", "dd -2.159e-1", "-2.15900003910064697265625e-1"
"0x4fae20", "0xfae20", "flt_4FAE20", "dd 1.0e-3", "1.0000000474974513053894e-3"
"0x4fae24", "0xfae24", "flt_4FAE24", "dd 4.1666669e-3", "4.16666688397526741027832e-3"
"0x4fae28", "0xfae28", "flt_4FAE28", "dd 1.44e3", "1.44e3"
"0x4fae2c", "0xfae2c", "flt_4FAE2C", "dd 2.4e2", "2.4e2"
"0x4fae54", "0xfae54", "flt_4FAE54", "dd 2.0e2", "2.e2"
"0x4fae58", "0xfae58", "flt_4FAE58", "dd 3.3997e2", "3.39970001220703125e2"
"0x4fae98", "0xfae98", "flt_4FAE98", "dd 2.2", "2.2000000476837158203125"
"0x4fae9c", "0xfae9c", "flt_4FAE9C", "dd 2.6666667", "2.6666667461395263671875"
"0x4faea0", "0xfaea0", "flt_4FAEA0", "dd 9.375e-2", "9.375e-2"
"0x4faea4", "0xfaea4", "flt_4FAEA4", "dd 1.5625e-1", "1.5625e-1"
"0x4fb0a4", "0xfb0a4", "flt_4FB0A4", "dd -1.0e2", "-1.e2"
"0x4fb15c", "0xfb15c", "flt_4FB15C", "dd 1.6e1", "1.6e1"
"0x4fb1bc", "0xfb1bc", "flt_4FB1BC", "dd 2.2727272e-3", "2.27272720076143741607666e-3"
"0x4fb448", "0xfb448", "flt_4FB448", "dd 3.9999999e-4", "3.99999989895150065422058e-4"
"0x4fbd5c", "0xfbd5c", "flt_4FBD5C", "dd -1.5000001e-1", "-1.50000005960464477539062e-1"
"0x4fc5b0", "0xfc5b0", "flt_4FC5B0", "dd 3.0", "3."
"0x4fc608", "0xfc608", "flt_4FC608", "dd -1.2217305", "-1.2217304706573486328125"
"0x4fd224", "0xfd224", "flt_4FD224", "dd 9.0e3", "9.e3"
"0x4fd230", "0xfd230", "flt_4FD230", "dd -2.0e1", "-2.e1"
"0x4fd234", "0xfd234", "flt_4FD234", "dd 2.0e1", "2.e1"
"0x4fd238", "0xfd238", "flt_4FD238", "dd 0.0", "0."
"0x4fd23c", "0xfd23c", "flt_4FD23C", "dd 1.5e1", "1.5e1"
"0x4fd240", "0xfd240", "flt_4FD240", "dd 6.0e1", "6.e1"
"0x4fd244", "0xfd244", "flt_4FD244", "dd 8.0000001e-1", "8.00000011920928955078125e-1"
"0x4fd248", "0xfd248", "flt_4FD248", "dd 9.2233725e15", "9.22337247494144e15"
"0x4fd24c", "0xfd24c", "flt_4FD24C", "dd 2.3283064e-10", "2.3283064365386962890625e-10"
"0x4fd250", "0xfd250", "flt_4FD250", "dd 1.8446745e16", "1.844674494988288e16"
"0x4fd254", "0xfd254", "flt_4FD254", "dd 5.4210105e-17", "5.42101053155527714882619e-17"
"0x4fd258", "0xfd258", "flt_4FD258", "dd 4.2949673e9", "4.294967296e9"
"0x4fd25c", "0xfd25c", "flt_4FD25C", "dd -9.2233725e15", "-9.22337247494144e15"
"0x4fd260", "0xfd260", "flt_4FD260", "dd 3.9370079e-3", "3.93700785934925079345703e-3"
"0x4fd264", "0xfd264", "flt_4FD264", "dd 4.8851978e-4", "4.88519784994423389434814e-4"
"0x4fd268", "0xfd268", "flt_4FD268", "dd 1.9073523e-6", "1.90735227079130709171295e-6"
"0x4fd26c", "0xfd26c", "flt_4FD26C", "dd 2.54e2", "2.54e2"
"0x4fd270", "0xfd270", "flt_4FD270", "dd 2.047e3", "2.047e3"
"0x4fd274", "0xfd274", "flt_4FD274", "dd 5.24287e5", "5.24287e5"
"0x4fd518", "0xfd518", "flt_4FD518", "dd -1.6e1", "-1.6e1"
"0x4fd5f8", "0xfd5f8", "flt_4FD5F8", "dd 1.01", "1.0099999904632568359375"
"0x4fd860", "0xfd860", "flt_4FD860", "dd -9.9999964e-2", "-9.9999964237213134765625e-2"
"0x4fd938", "0xfd938", "flt_4FD938", "dd 8.7266462e-4", "8.72664619237184524536133e-4"
"0x4fd93c", "0xfd93c", "flt_4FD93C", "dd -3.4906585e-2", "-3.49065847694873809814453e-2"
"0x4fd940", "0xfd940", "flt_4FD940", "dd 3.4906585e-2", "3.49065847694873809814453e-2"
"0x4fd944", "0xfd944", "flt_4FD944", "dd 1.2566371e1", "1.256637096405029296875e1"
"0x4fd948", "0xfd948", "flt_4FD948", "dd -1.5707964", "-1.57079637050628662109375"
"0x4fd94c", "0xfd94c", "flt_4FD94C", "dd 1.5707964", "1.57079637050628662109375"
"0x4fd950", "0xfd950", "flt_4FD950", "dd 6.1359233e-3", "6.13592332229018211364746e-3"
"0x4fdbdc", "0xfdbdc", "flt_4FDBDC", "dd 1.016e-1", "1.01599998772144317626953e-1"
"0x4fdbe0", "0xfdbe0", "flt_4FDBE0", "dd 2.032e-1", "2.03199997544288635253906e-1"
"0x4fdbf8", "0xfdbf8", "flt_4FDBF8", "dd 3.3333335e-2", "3.33333350718021392822266e-2"
"0x4fdbfc", "0xfdbfc", "flt_4FDBFC", "dd 3.0e1", "3.e1"
"0x4fdc04", "0xfdc04", "flt_4FDC04", "dd 3.3333335e-2", "3.33333350718021392822266e-2"
"0x4fdc08", "0xfdc08", "flt_4FDC08", "dd 3.0e1", "3.e1"
"0x4fdc14", "0xfdc14", "flt_4FDC14", "dd 2.3e-1", "2.30000004172325134277344e-1"
"0x4fdc18", "0xfdc18", "flt_4FDC18", "dd -6.7000002e-1", "-6.70000016689300537109375e-1"
"0x4fdc1c", "0xfdc1c", "flt_4FDC1C", "dd -3.3000001e-1", "-3.30000013113021850585938e-1"
"0x4fdcd8", "0xfdcd8", "flt_4FDCD8", "dd 2.5e-2", "2.50000003725290298461914e-2"
"0x4fdcdc", "0xfdcdc", "flt_4FDCDC", "dd 1.5", "1.5"
"0x4fdce8", "0xfdce8", "flt_4FDCE8", "dd 1.15", "1.14999997615814208984375"
"0x4fdcec", "0xfdcec", "flt_4FDCEC", "dd 1.92e2", "1.92e2"
"0x4fdcf0", "0xfdcf0", "flt_4FDCF0", "dd 1.0491802e1", "1.0491802215576171875e1"
"0x4fdcf4", "0xfdcf4", "flt_4FDCF4", "dd 1.8300001e1", "1.83000011444091796875e1"
"0x4fdcf8", "0xfdcf8", "flt_4FDCF8", "dd 3.3333334e-1", "3.33333343267440795898438e-1"
"0x4fdcfc", "0xfdcfc", "flt_4FDCFC", "dd 1.5000001e-1", "1.50000005960464477539062e-1"
"0x4fdd00", "0xfdd00", "flt_4FDD00", "dd 2.0e-1", "2.00000002980232238769531e-1"
"0x4fdd04", "0xfdd04", "flt_4FDD04", "dd 2.2988506e-5", "2.29885063163237646222115e-5"
"0x4fdd08", "0xfdd08", "flt_4FDD08", "dd 4.84e4", "4.84e4"
"0x4fdd0c", "0xfdd0c", "flt_4FDD0C", "dd 4.9e3", "4.9e3"
"0x4fdd10", "0xfdd10", "flt_4FDD10", "dd 9.9900001e-1", "9.99000012874603271484375e-1"
"0x4fdd14", "0xfdd14", "flt_4FDD14", "dd 7.1428572e-3", "7.14285718277096748352051e-3"
"0x4fdd18", "0xfdd18", "flt_4FDD18", "dd 1.4e2", "1.4e2"
"0x4fe404", "0xfe404", "flt_4FE404", "dd 2.7e1", "2.7e1"
